1584, 32, 28941.000000 
1584, 33, 12478.000000 
1584, 38, 124933.000000 
1585, 15, 162239.000000 
1585, 22, 4042.000000 
1585, 24, 2.000000 
1585, 26, 2.000000 
1585, 28, 2.000000 
1585, 30, 2.000000 
1585, 32, 2.000000 
1585, 34, 2.000000 
1585, 36, 2.000000 
1585, 38, 2.000000 
1585, 40, 2.000000 
1585, 42, 2.000000 
1585, 44, 2.000000 
1585, 46, 2.000000 
1585, 48, 6.000000 
1585, 50, 5.000000 
1585, 52, 6.000000 
1586, 19, 54070.000000 
1586, 20, 16492.000000 
1586, 21, 19.000000 
1586, 41, 95806.000000 
1586, 64, 33.000000 
1587, 17, 112450.000000 
1587, 21, 53934.000000 
1587, 23, 2.000000 
1588, 2, 29000.000000 
1588, 38, 12358.000000 
1588, 39, 124933.000000 
1588, 40, 8.000000 
1588, 64, 16.000000 
1589, 4, 49743.000000 
1589, 6, 106.000000 
1589, 8, 2.000000 
1589, 10, 2.000000 
1589, 12, 2.000000 
1589, 14, 2.000000 
1589, 16, 2.000000 
1589, 18, 1.000000 
1589, 20, 2.000000 
1589, 22, 2.000000 
1589, 24, 2.000000 
1589, 26, 2.000000 
1589, 28, 2.000000 
1589, 30, 2.000000 
1589, 32, 2.000000 
1589, 34, 2.000000 
1589, 36, 116421.000000 
1589, 38, 2.000000 
1589, 40, 2.000000 
1589, 42, 1.000000 
1589, 44, 2.000000 
1589, 46, 2.000000 
1589, 48, 2.000000 
1589, 50, 2.000000 
1589, 52, 2.000000 
1589, 54, 2.000000 
1589, 56, 2.000000 
1589, 58, 2.000000 
1589, 60, 2.000000 
1589, 62, 2.000000 
1590, 32, 149459.000000 
1590, 34, 16747.000000 
1590, 36, 2.000000 
1590, 38, 3.000000 
1590, 40, 2.000000 
1590, 42, 2.000000 
1590, 44, 2.000000 
1590, 46, 3.000000 
1590, 48, 2.000000 
1590, 49, 46.000000 
1590, 51, 6.000000 
1590, 53, 5.000000 
1590, 55, 6.000000 
1590, 57, 5.000000 
1590, 59, 6.000000 
1591, 11, 58083.000000 
1591, 27, 108284.000000 
1591, 29, 5.000000 
1592, 18, 28950.000000 
1592, 19, 16639.000000 
1592, 35, 120773.000000 
1593, 19, 53889.000000 
1593, 20, 16748.000000 
1593, 22, 2.000000 
1593, 24, 2.000000 
1593, 26, 2.000000 
1593, 28, 3.000000 
1593, 30, 2.000000 
1593, 32, 2.000000 
1593, 34, 2.000000 
1593, 36, 3.000000 
1593, 38, 2.000000 
1593, 40, 2.000000 
1593, 41, 95590.000000 
1593, 42, 3.000000 
1593, 44, 2.000000 
1593, 46, 2.000000 
1593, 48, 3.000000 
1593, 50, 2.000000 
1593, 52, 2.000000 
1593, 54, 3.000000 
1593, 56, 2.000000 
1593, 58, 2.000000 
1593, 60, 3.000000 
1593, 62, 2.000000 
1594, 39, 166352.000000 
1595, 4, 112450.000000 
1595, 6, 4040.000000 
1595, 34, 49801.000000 
1595, 36, 2.000000 
1595, 38, 2.000000 
1595, 40, 2.000000 
1595, 42, 2.000000 
1595, 44, 11.000000 
1596, 4, 49720.000000 
1596, 36, 116581.000000 
1596, 38, 30.000000 
1596, 64, 11.000000 
1597, 2, 45577.000000 
1597, 24, 87300.000000 
1597, 26, 33473.000000 
1598, 5, 45875.000000 
1598, 7, 2.000000 
1598, 9, 2.000000 
1598, 11, 2.000000 
1598, 13, 3.000000 
1598, 15, 2.000000 
1598, 17, 2.000000 
1598, 19, 2.000000 
1598, 20, 99966.000000 
1598, 21, 2.000000 
1598, 23, 4005.000000 
1598, 25, 2.000000 
1598, 26, 16455.000000 
1598, 27, 2.000000 
1598, 29, 1.000000 
1598, 31, 2.000000 
1598, 33, 2.000000 
1598, 35, 2.000000 
1598, 37, 2.000000 
1598, 39, 2.000000 
1598, 41, 2.000000 
1598, 43, 2.000000 
1598, 45, 2.000000 
1598, 47, 5.000000 
1598, 49, 6.000000 
1598, 51, 5.000000 
1599, 19, 37554.000000 
1599, 21, 2.000000 
1599, 23, 2.000000 
1599, 25, 2.000000 
1599, 27, 3.000000 
1599, 29, 37242.000000 
1599, 31, 2.000000 
1599, 33, 91464.000000 
1599, 35, 2.000000 
1599, 37, 2.000000 
1599, 39, 2.000000 
1599, 41, 3.000000 
1599, 43, 2.000000 
1599, 45, 2.000000 
1599, 47, 2.000000 
1599, 49, 2.000000 
1599, 51, 2.000000 
1599, 53, 2.000000 
1599, 55, 3.000000 
1599, 57, 2.000000 
1599, 59, 2.000000 
1599, 61, 2.000000 
1600, 17, 95663.000000 
1600, 25, 8426.000000 
1600, 27, 2.000000 
1600, 29, 2.000000 
1600, 31, 2.000000 
1600, 33, 3.000000 
1600, 35, 2.000000 
1600, 37, 62205.000000 
1600, 39, 2.000000 
1600, 41, 3.000000 
1600, 43, 2.000000 
1600, 45, 2.000000 
1600, 47, 3.000000 
1600, 49, 2.000000 
1600, 51, 2.000000 
1600, 53, 3.000000 
1600, 55, 2.000000 
1600, 57, 2.000000 
1600, 58, 3.000000 
1601, 6, 24871.000000 
1601, 8, 2.000000 
1601, 10, 3.000000 
1601, 12, 2.000000 
1601, 14, 2.000000 
1601, 16, 3.000000 
1601, 18, 2.000000 
1601, 20, 2.000000 
1601, 22, 3.000000 
1601, 24, 2.000000 
1601, 26, 2.000000 
1601, 28, 3.000000 
1601, 30, 2.000000 
1601, 32, 2.000000 
1601, 34, 3.000000 
1601, 35, 141367.000000 
1601, 36, 2.000000 
1601, 38, 2.000000 
1601, 40, 3.000000 
1601, 42, 2.000000 
1601, 44, 2.000000 
1601, 46, 2.000000 
1601, 48, 3.000000 
1601, 50, 2.000000 
1601, 52, 2.000000 
1601, 54, 2.000000 
1601, 56, 2.000000 
1601, 58, 8.000000 
1601, 60, 6.000000 
1601, 62, 5.000000 
1602, 7, 83056.000000 
1602, 9, 24.000000 
1602, 29, 83323.000000 
1603, 4, 83207.000000 
1603, 6, 58371.000000 
1603, 34, 24749.000000 
1604, 11, 83323.000000 
1604, 20, 58154.000000 
1604, 22, 2.000000 
1604, 24, 2.000000 
1604, 26, 3.000000 
1604, 28, 2.000000 
1604, 30, 2.000000 
1604, 32, 2.000000 
1604, 34, 2.000000 
1604, 35, 24768.000000 
1604, 36, 3.000000 
1604, 38, 2.000000 
1604, 40, 2.000000 
1604, 42, 3.000000 
1604, 44, 2.000000 
1604, 46, 2.000000 
1604, 48, 3.000000 
1604, 50, 2.000000 
1604, 52, 2.000000 
1604, 54, 3.000000 
1604, 56, 2.000000 
1604, 58, 2.000000 
1604, 60, 3.000000 
1604, 62, 2.000000 
1605, 8, 62200.000000 
1605, 36, 91437.000000 
1605, 38, 12691.000000 
1605, 64, 22.000000 
1606, 7, 112326.000000 
1606, 24, 3955.000000 
1606, 33, 50036.000000 
1606, 35, 2.000000 
1606, 37, 2.000000 
1606, 39, 2.000000 
1606, 41, 2.000000 
1606, 43, 2.000000 
1606, 45, 6.000000 
1606, 47, 5.000000 
1606, 64, 11.000000 
1607, 40, 128661.000000 
1607, 41, 37664.000000 
1608, 5, 112450.000000 
1608, 16, 37355.000000 
1608, 18, 3.000000 
1608, 20, 2.000000 
1608, 22, 2.000000 
1608, 24, 3.000000 
1608, 26, 2.000000 
1608, 28, 2.000000 
1608, 30, 3.000000 
1608, 32, 2.000000 
1608, 34, 16441.000000 
1608, 36, 3.000000 
1608, 38, 2.000000 
1608, 40, 2.000000 
1608, 42, 19.000000 
1608, 44, 6.000000 
1608, 46, 5.000000 
1608, 48, 6.000000 
1608, 50, 5.000000 
1608, 52, 6.000000 
1609, 30, 83159.000000 
1609, 31, 12647.000000 
1609, 40, 70524.000000 
1610, 20, 33135.000000 
1610, 22, 103967.000000 
1610, 25, 20908.000000 
1610, 26, 8187.000000 
1610, 27, 3.000000 
1610, 28, 2.000000 
1610, 29, 2.000000 
1610, 30, 2.000000 
1610, 31, 2.000000 
1610, 32, 3.000000 
1610, 33, 2.000000 
1610, 34, 2.000000 
1610, 35, 3.000000 
1610, 36, 2.000000 
1610, 37, 2.000000 
1610, 38, 3.000000 
1610, 39, 2.000000 
1610, 40, 2.000000 
1610, 41, 2.000000 
1610, 42, 2.000000 
1610, 43, 2.000000 
1610, 44, 3.000000 
1610, 45, 3.000000 
1610, 46, 2.000000 
1610, 47, 2.000000 
1610, 48, 2.000000 
1610, 49, 2.000000 
1610, 50, 3.000000 
1610, 51, 2.000000 
1610, 52, 2.000000 
1610, 53, 2.000000 
1610, 54, 2.000000 
1610, 55, 2.000000 
1610, 56, 2.000000 
1610, 57, 9.000000 
1610, 58, 6.000000 
1610, 59, 6.000000 
1610, 60, 6.000000 
1610, 61, 5.000000 
1610, 62, 5.000000 
1610, 64, 11.000000 
1611, 30, 83323.000000 
1611, 31, 12313.000000 
1611, 40, 70616.000000 
1611, 42, 3.000000 
1611, 43, 59.000000 
1611, 45, 5.000000 
1612, 14, 103985.000000 
1612, 30, 3910.000000 
1612, 31, 58358.000000 
1612, 33, 2.000000 
1612, 35, 2.000000 
1612, 37, 2.000000 
1612, 39, 3.000000 
1612, 41, 2.000000 
1612, 43, 2.000000 
1612, 45, 2.000000 
1612, 47, 2.000000 
1612, 49, 2.000000 
1612, 51, 2.000000 
1612, 52, 2.000000 
1612, 53, 17.000000 
1613, 14, 54198.000000 
1613, 16, 2.000000 
1613, 18, 2.000000 
1613, 20, 3.000000 
1613, 22, 2.000000 
1613, 24, 2.000000 
1613, 26, 2.000000 
1613, 28, 3.000000 
1613, 29, 103956.000000 
1613, 30, 2.000000 
1613, 32, 8101.000000 
1613, 34, 3.000000 
1613, 36, 2.000000 
1613, 38, 2.000000 
1613, 40, 3.000000 
1613, 42, 2.000000 
1613, 44, 2.000000 
1613, 46, 3.000000 
1613, 48, 2.000000 
1613, 50, 2.000000 
1613, 52, 3.000000 
1613, 54, 2.000000 
1613, 56, 2.000000 
1613, 58, 3.000000 
1613, 60, 2.000000 
1613, 62, 2.000000 
1614, 6, 20585.000000 
1614, 36, 145733.000000 
1614, 38, 6.000000 
1614, 64, 6.000000 
1615, 13, 104128.000000 
1615, 24, 53959.000000 
1615, 32, 8135.000000 
1615, 59, 85.000000 
1616, 19, 91614.000000 
1616, 21, 30.000000 
1616, 35, 74709.000000 
1617, 38, 91422.000000 
1617, 40, 74889.000000 
1618, 16, 16499.000000 
1618, 23, 149774.000000 
1618, 25, 2.000000 
1618, 27, 3.000000 
1618, 29, 2.000000 
1618, 31, 2.000000 
1618, 33, 2.000000 
1618, 35, 3.000000 
1618, 37, 2.000000 
1618, 39, 2.000000 
1618, 41, 3.000000 
1618, 43, 2.000000 
1618, 45, 2.000000 
1618, 47, 3.000000 
1618, 49, 2.000000 
1618, 51, 2.000000 
1618, 53, 6.000000 
1618, 55, 5.000000 
1619, 11, 120773.000000 
1619, 37, 16445.000000 
1619, 39, 29118.000000 
1620, 13, 141437.000000 
1620, 28, 24721.000000 
1620, 30, 104.000000 
1620, 32, 2.000000 
1620, 34, 2.000000 
1620, 36, 2.000000 
1620, 38, 2.000000 
1620, 40, 2.000000 
1620, 42, 2.000000 
1620, 44, 2.000000 
1620, 46, 3.000000 
1620, 48, 2.000000 
1620, 50, 2.000000 
1620, 52, 16.000000 
1621, 10, 128972.000000 
1621, 36, 16434.000000 
1621, 38, 20928.000000 
1622, 4, 112334.000000 
1622, 6, 4277.000000 
1622, 34, 49718.000000 
1623, 5, 112333.000000 
1623, 16, 37236.000000 
1623, 34, 16756.000000 
1623, 36, 6.000000 
1624, 4, 66395.000000 
1624, 22, 87308.000000 
1624, 23, 12658.000000 
1625, 19, 166375.000000 
1625, 21, 5.000000 
1626, 10, 37553.000000 
1626, 12, 2.000000 
1626, 14, 3.000000 
1626, 16, 2.000000 
1626, 18, 2.000000 
1626, 20, 2.000000 
1626, 22, 3.000000 
1626, 24, 2.000000 
1626, 26, 2.000000 
1626, 28, 3.000000 
1626, 30, 2.000000 
1626, 32, 2.000000 
1626, 33, 66463.000000 
1626, 34, 3.000000 
1626, 36, 2.000000 
1626, 37, 62198.000000 
1626, 38, 2.000000 
1626, 40, 3.000000 
1626, 42, 2.000000 
1626, 44, 2.000000 
1626, 46, 3.000000 
1626, 48, 2.000000 
1626, 50, 2.000000 
1626, 52, 3.000000 
1626, 54, 13.000000 
1626, 56, 6.000000 
1626, 58, 5.000000 
1626, 60, 6.000000 
1626, 62, 5.000000 
1627, 21, 16644.000000 
1627, 22, 108289.000000 
1627, 23, 37296.000000 
1627, 26, 4144.000000 
1628, 2, 29233.000000 
1628, 4, 2.000000 
1628, 6, 3.000000 
1628, 8, 2.000000 
1628, 10, 2.000000 
1628, 12, 3.000000 
1628, 14, 2.000000 
1628, 16, 2.000000 
1628, 18, 3.000000 
1628, 20, 2.000000 
1628, 22, 2.000000 
1628, 24, 3.000000 
1628, 26, 2.000000 
1628, 28, 2.000000 
1628, 30, 3.000000 
1628, 32, 2.000000 
1628, 34, 2.000000 
1628, 36, 2.000000 
1628, 38, 12262.000000 
1628, 39, 124710.000000 
1628, 40, 2.000000 
1628, 42, 2.000000 
1628, 44, 2.000000 
1628, 46, 2.000000 
1628, 48, 3.000000 
1628, 50, 2.000000 
1628, 52, 2.000000 
1628, 54, 2.000000 
1628, 56, 2.000000 
1628, 58, 2.000000 
1628, 60, 6.000000 
1628, 62, 5.000000 
1629, 9, 79035.000000 
1629, 37, 87270.000000 
1629, 39, 2.000000 
1629, 41, 3.000000 
1629, 43, 2.000000 
1629, 45, 2.000000 
1629, 46, 10.000000 
1629, 48, 5.000000 
1630, 6, 20717.000000 
1630, 8, 3.000000 
1630, 10, 2.000000 
1630, 12, 2.000000 
1630, 14, 3.000000 
1630, 16, 2.000000 
1630, 18, 2.000000 
1630, 20, 3.000000 
1630, 22, 2.000000 
1630, 24, 2.000000 
1630, 26, 3.000000 
1630, 28, 2.000000 
1630, 30, 2.000000 
1630, 32, 3.000000 
1630, 34, 2.000000 
1630, 36, 145531.000000 
1630, 38, 3.000000 
1630, 40, 2.000000 
1630, 42, 2.000000 
1630, 44, 2.000000 
1630, 46, 3.000000 
1630, 48, 2.000000 
1630, 50, 2.000000 
1630, 52, 2.000000 
1630, 54, 2.000000 
1630, 56, 2.000000 
1630, 58, 3.000000 
1630, 60, 2.000000 
1630, 62, 7.000000 
1631, 10, 129095.000000 
1631, 31, 20617.000000 
1631, 32, 16634.000000 
1632, 12, 49693.000000 
1632, 16, 112285.000000 
1632, 28, 4264.000000 
1632, 30, 3.000000 
1632, 32, 2.000000 
1632, 34, 2.000000 
1632, 36, 2.000000 
1632, 38, 3.000000 
1632, 40, 2.000000 
1632, 42, 2.000000 
1632, 44, 13.000000 
1632, 46, 6.000000 
1632, 48, 5.000000 
1632, 50, 6.000000 
1632, 52, 5.000000 
1632, 54, 6.000000 
1632, 56, 5.000000 
1633, 18, 12586.000000 
1633, 20, 3.000000 
1633, 22, 2.000000 
1633, 24, 2.000000 
1633, 26, 2.000000 
1633, 27, 3952.000000 
1633, 28, 3.000000 
1633, 30, 2.000000 
1633, 32, 2.000000 
1633, 34, 3.000000 
1633, 36, 149717.000000 
1633, 38, 2.000000 
1633, 40, 2.000000 
1633, 42, 2.000000 
1633, 44, 3.000000 
1633, 46, 2.000000 
1633, 48, 2.000000 
1633, 50, 2.000000 
1633, 52, 2.000000 
1633, 54, 2.000000 
1633, 56, 2.000000 
1633, 58, 2.000000 
1633, 60, 2.000000 
1633, 62, 2.000000 
1634, 15, 12354.000000 
1634, 17, 2.000000 
1634, 19, 2.000000 
1634, 21, 3.000000 
1634, 22, 153874.000000 
1634, 23, 2.000000 
1634, 25, 2.000000 
1634, 27, 2.000000 
1634, 29, 2.000000 
1634, 31, 2.000000 
1634, 33, 3.000000 
1634, 35, 2.000000 
1634, 37, 2.000000 
1634, 39, 5.000000 
1634, 41, 6.000000 
1634, 43, 5.000000 
1634, 45, 6.000000 
1634, 47, 5.000000 
1634, 49, 6.000000 
1634, 51, 6.000000 
1634, 53, 5.000000 
1634, 55, 17.000000 
1635, 39, 166340.000000 
1635, 41, 8.000000 
1636, 11, 116611.000000 
1636, 18, 8212.000000 
1636, 20, 2.000000 
1636, 22, 2.000000 
1636, 24, 2.000000 
1636, 26, 2.000000 
1636, 28, 3.000000 
1636, 30, 2.000000 
1636, 32, 2.000000 
1636, 34, 3.000000 
1636, 36, 2.000000 
1636, 38, 41405.000000 
1636, 40, 2.000000 
1636, 42, 3.000000 
1636, 44, 2.000000 
1636, 46, 2.000000 
1636, 48, 3.000000 
1636, 50, 2.000000 
1636, 52, 2.000000 
1636, 54, 3.000000 
1636, 56, 2.000000 
1636, 58, 2.000000 
1636, 60, 3.000000 
1636, 62, 2.000000 
1637, 6, 116605.000000 
1637, 8, 6.000000 
1637, 28, 49752.000000 
1638, 8, 145607.000000 
1638, 36, 132.000000 
1638, 37, 20580.000000 
1639, 6, 8214.000000 
1639, 8, 2.000000 
1639, 10, 2.000000 
1639, 12, 2.000000 
1639, 14, 3.000000 
1639, 16, 2.000000 
1639, 18, 2.000000 
1639, 20, 2.000000 
1639, 22, 2.000000 
1639, 24, 3.000000 
1639, 26, 2.000000 
1639, 28, 158031.000000 
1639, 30, 3.000000 
1639, 32, 2.000000 
1639, 34, 2.000000 
1639, 36, 3.000000 
1639, 38, 2.000000 
1639, 40, 2.000000 
1639, 42, 3.000000 
1639, 44, 2.000000 
1639, 46, 2.000000 
1639, 48, 6.000000 
1639, 50, 5.000000 
1639, 52, 6.000000 
1639, 54, 5.000000 
1639, 56, 6.000000 
1639, 58, 5.000000 
1639, 60, 6.000000 
1639, 62, 6.000000 
1640, 13, 103988.000000 
1640, 24, 53894.000000 
1640, 32, 8445.000000 
1640, 34, 6.000000 
1640, 36, 5.000000 
1640, 38, 6.000000 
1641, 16, 16748.000000 
1641, 18, 2.000000 
1641, 20, 3.000000 
1641, 22, 2.000000 
1641, 23, 149489.000000 
1641, 24, 2.000000 
1641, 26, 2.000000 
1641, 28, 2.000000 
1641, 30, 2.000000 
1641, 32, 2.000000 
1641, 34, 2.000000 
1641, 36, 2.000000 
1641, 38, 2.000000 
1641, 40, 2.000000 
1641, 42, 2.000000 
1641, 44, 2.000000 
1641, 46, 5.000000 
1641, 48, 6.000000 
1641, 50, 6.000000 
1641, 52, 5.000000 
1641, 54, 6.000000 
1641, 56, 5.000000 
1641, 58, 6.000000 
1641, 60, 5.000000 
1641, 62, 6.000000 
1642, 9, 79161.000000 
1642, 37, 87192.000000 
1643, 13, 133094.000000 
1643, 26, 12587.000000 
1643, 27, 20581.000000 
1643, 36, 6.000000 
1643, 38, 5.000000 
1643, 40, 6.000000 
1643, 42, 5.000000 
1643, 44, 6.000000 
1643, 46, 5.000000 
1643, 48, 6.000000 
1643, 50, 6.000000 
1643, 52, 5.000000 
1643, 57, 8.000000 
1644, 7, 70834.000000 
1644, 8, 54088.000000 
1644, 10, 28988.000000 
1644, 30, 12489.000000 
1645, 15, 37255.000000 
1645, 38, 129087.000000 
1645, 40, 8.000000 
1645, 64, 25.000000 
1646, 3, 108.000000 
1646, 5, 3.000000 
1646, 7, 2.000000 
1646, 9, 2.000000 
1646, 11, 3.000000 
1646, 13, 2.000000 
1646, 15, 2.000000 
1646, 17, 3.000000 
1646, 19, 2.000000 
1646, 21, 2.000000 
1646, 23, 3.000000 
1646, 25, 2.000000 
1646, 27, 2.000000 
1646, 29, 3.000000 
1646, 31, 2.000000 
1646, 33, 2.000000 
1646, 35, 3.000000 
1646, 37, 62192.000000 
1646, 39, 103901.000000 
1646, 41, 2.000000 
1646, 43, 3.000000 
1646, 45, 2.000000 
1646, 47, 2.000000 
1646, 49, 2.000000 
1646, 51, 2.000000 
1646, 53, 2.000000 
1646, 55, 3.000000 
1646, 57, 5.000000 
1646, 59, 6.000000 
1646, 61, 5.000000 
1647, 26, 16488.000000 
1647, 27, 16445.000000 
1647, 28, 133259.000000 
1647, 30, 2.000000 
1647, 32, 2.000000 
1647, 34, 2.000000 
1647, 36, 2.000000 
1647, 38, 2.000000 
1647, 40, 3.000000 
1647, 42, 2.000000 
1647, 44, 2.000000 
1647, 46, 2.000000 
1647, 48, 3.000000 
1647, 50, 2.000000 
1647, 52, 2.000000 
1647, 54, 3.000000 
1647, 56, 2.000000 
1647, 57, 2.000000 
1647, 58, 33.000000 
1647, 60, 6.000000 
1647, 62, 6.000000 
1648, 18, 158210.000000 
1648, 20, 13.000000 
1648, 40, 8120.000000 
1649, 5, 45642.000000 
1649, 20, 99811.000000 
1649, 23, 4317.000000 
1649, 26, 16549.000000 
1649, 28, 5.000000 
1649, 30, 6.000000 
1649, 32, 6.000000 
1649, 34, 5.000000 
1649, 36, 6.000000 
1650, 20, 33393.000000 
1650, 22, 104130.000000 
1650, 24, 2.000000 
1650, 25, 20613.000000 
1650, 26, 8089.000000 
1650, 28, 2.000000 
1650, 30, 2.000000 
1650, 32, 3.000000 
1650, 34, 2.000000 
1650, 36, 2.000000 
1650, 38, 2.000000 
1650, 40, 3.000000 
1650, 42, 2.000000 
1650, 44, 2.000000 
1650, 46, 2.000000 
1650, 48, 3.000000 
1650, 50, 13.000000 
1650, 52, 5.000000 
1650, 54, 6.000000 
1650, 56, 6.000000 
1650, 58, 5.000000 
1650, 60, 6.000000 
1650, 62, 5.000000 
1651, 38, 41790.000000 
1651, 40, 124558.000000 
1651, 42, 5.000000 
1652, 15, 120767.000000 
1652, 17, 6.000000 
1652, 25, 45602.000000 
1653, 20, 75000.000000 
1653, 22, 33123.000000 
1653, 35, 58114.000000 
1653, 37, 2.000000 
1653, 39, 3.000000 
1653, 41, 2.000000 
1653, 43, 2.000000 
1653, 45, 3.000000 
1653, 47, 2.000000 
1653, 48, 28.000000 
1653, 50, 22.000000 
1654, 40, 128981.000000 
1654, 41, 37243.000000 
1654, 42, 2.000000 
1654, 43, 101.000000 
1655, 15, 87330.000000 
1655, 28, 16405.000000 
1655, 30, 62519.000000 
1655, 32, 2.000000 
1655, 34, 2.000000 
1655, 36, 2.000000 
1655, 38, 2.000000 
1655, 40, 2.000000 
1655, 42, 2.000000 
1655, 44, 2.000000 
1655, 46, 1.000000 
1655, 48, 2.000000 
1655, 50, 6.000000 
1655, 52, 5.000000 
1655, 53, 6.000000 
1655, 54, 17.000000 
1656, 10, 128965.000000 
1656, 31, 20909.000000 
1656, 32, 16433.000000 
1656, 33, 2.000000 
1656, 35, 2.000000 
1656, 37, 2.000000 
1656, 39, 3.000000 
1656, 41, 2.000000 
1656, 43, 2.000000 
1656, 45, 2.000000 
1656, 47, 3.000000 
1656, 49, 2.000000 
1656, 51, 6.000000 
1657, 14, 70692.000000 
1657, 15, 83339.000000 
1657, 16, 12332.000000 
1657, 17, 25.000000 
1658, 15, 112289.000000 
1658, 28, 4283.000000 
1658, 30, 49731.000000 
1658, 32, 5.000000 
1658, 34, 6.000000 
1658, 36, 5.000000 
1658, 38, 6.000000 
1658, 40, 5.000000 
1658, 42, 6.000000 
1659, 17, 37346.000000 
1659, 19, 2.000000 
1659, 21, 2.000000 
1659, 23, 2.000000 
1659, 25, 2.000000 
1659, 27, 2.000000 
1659, 29, 3.000000 
1659, 31, 2.000000 
1659, 33, 2.000000 
1659, 35, 2.000000 
1659, 36, 128878.000000 
1659, 37, 3.000000 
1659, 39, 2.000000 
1659, 41, 2.000000 
1659, 43, 3.000000 
1659, 45, 2.000000 
1659, 47, 2.000000 
1659, 49, 3.000000 
1659, 51, 2.000000 
1659, 53, 2.000000 
1659, 55, 3.000000 
1659, 57, 2.000000 
1659, 59, 2.000000 
1659, 61, 3.000000 
1660, 19, 166380.000000 
1661, 6, 24746.000000 
1661, 35, 141573.000000 
1661, 37, 5.000000 
1661, 64, 17.000000 
1662, 15, 37356.000000 
1662, 17, 2.000000 
1662, 19, 2.000000 
1662, 21, 2.000000 
1662, 23, 3.000000 
1662, 25, 2.000000 
1662, 27, 2.000000 
1662, 29, 2.000000 
1662, 31, 2.000000 
1662, 33, 2.000000 
1662, 35, 2.000000 
1662, 37, 3.000000 
1662, 38, 128909.000000 
1662, 39, 2.000000 
1662, 41, 2.000000 
1662, 43, 2.000000 
1662, 45, 2.000000 
1662, 47, 2.000000 
1662, 49, 2.000000 
1662, 51, 2.000000 
1662, 53, 2.000000 
1662, 55, 2.000000 
1662, 57, 2.000000 
1662, 59, 1.000000 
1662, 61, 2.000000 
1663, 21, 124883.000000 
1663, 23, 41472.000000 
1663, 25, 5.000000 
1664, 2, 108181.000000 
1664, 4, 28911.000000 
1664, 33, 29227.000000 
1664, 35, 2.000000 
1664, 37, 3.000000 
1664, 64, 16.000000 
1665, 2, 37339.000000 
1665, 3, 83323.000000 
1665, 10, 8121.000000 
1665, 29, 37561.000000 
1665, 64, 6.000000 
1666, 17, 112276.000000 
1666, 21, 53972.000000 
1666, 37, 6.000000 
1666, 39, 6.000000 
1666, 41, 5.000000 
1666, 43, 6.000000 
1666, 45, 5.000000 
1666, 47, 6.000000 
1666, 49, 5.000000 
1666, 51, 6.000000 
1666, 53, 5.000000 
1666, 55, 6.000000 
1666, 62, 15.000000 
1667, 1, 104.000000 
1667, 3, 2.000000 
1667, 5, 2.000000 
1667, 7, 2.000000 
1667, 9, 2.000000 
1667, 11, 3.000000 
1667, 13, 2.000000 
1667, 15, 2.000000 
1667, 17, 2.000000 
1667, 19, 3.000000 
1667, 21, 2.000000 
1667, 23, 2.000000 
1667, 25, 2.000000 
1667, 27, 3.000000 
1667, 29, 2.000000 
1667, 31, 2.000000 
1667, 33, 3.000000 
1667, 35, 2.000000 
1667, 37, 62192.000000 
1667, 39, 103903.000000 
1667, 41, 2.000000 
1667, 43, 2.000000 
1667, 45, 3.000000 
1667, 47, 2.000000 
1667, 49, 2.000000 
1667, 51, 3.000000 
1667, 53, 2.000000 
1667, 55, 2.000000 
1667, 57, 8.000000 
1667, 59, 6.000000 
1667, 61, 5.000000 
1668, 14, 78995.000000 
1668, 21, 28894.000000 
1668, 30, 58366.000000 
1668, 32, 5.000000 
1668, 34, 6.000000 
1668, 36, 5.000000 
1668, 38, 6.000000 
1668, 40, 5.000000 
1668, 42, 6.000000 
1668, 44, 5.000000 
1668, 46, 6.000000 
1668, 48, 11.000000 
1669, 2, 45669.000000 
1669, 4, 2.000000 
1669, 6, 2.000000 
1669, 8, 2.000000 
1669, 10, 3.000000 
1669, 12, 2.000000 
1669, 14, 2.000000 
1669, 16, 3.000000 
1669, 18, 2.000000 
1669, 20, 2.000000 
1669, 22, 3.000000 
1669, 24, 87485.000000 
1669, 26, 33100.000000 
1669, 28, 3.000000 
1669, 30, 2.000000 
1669, 32, 2.000000 
1669, 34, 3.000000 
1669, 36, 13.000000 
1669, 38, 6.000000 
1669, 40, 5.000000 
1669, 42, 6.000000 
1669, 44, 5.000000 
1669, 46, 6.000000 
1669, 48, 5.000000 
1669, 50, 6.000000 
1670, 14, 104128.000000 
1670, 30, 4091.000000 
1670, 31, 58045.000000 
1670, 32, 61.000000 
1671, 4, 58047.000000 
1671, 14, 95660.000000 
1671, 40, 12561.000000 
1671, 42, 2.000000 
1671, 43, 23.000000 
1671, 45, 17.000000 
1672, 6, 120639.000000 
1672, 20, 20911.000000 
1672, 22, 24794.000000 
1672, 24, 5.000000 
1672, 26, 6.000000 
1672, 28, 5.000000 
1672, 30, 6.000000 
1673, 16, 137416.000000 
1673, 21, 28957.000000 
1673, 23, 5.000000 
1674, 3, 62518.000000 
1674, 5, 3.000000 
1674, 7, 2.000000 
1674, 9, 2.000000 
1674, 11, 3.000000 
1674, 13, 2.000000 
1674, 15, 2.000000 
1674, 17, 3.000000 
1674, 19, 2.000000 
1674, 21, 2.000000 
1674, 23, 2.000000 
1674, 25, 3.000000 
1674, 27, 2.000000 
1674, 29, 2.000000 
1674, 31, 2.000000 
1674, 33, 2.000000 
1674, 35, 3.000000 
1674, 36, 74796.000000 
1674, 37, 2.000000 
1674, 38, 28923.000000 
1674, 39, 2.000000 
1674, 41, 2.000000 
1674, 43, 2.000000 
1674, 45, 2.000000 
1674, 47, 2.000000 
1674, 49, 2.000000 
1674, 51, 2.000000 
1674, 53, 2.000000 
1674, 55, 2.000000 
1674, 57, 2.000000 
1674, 59, 2.000000 
1674, 61, 2.000000 
1675, 15, 12288.000000 
1675, 22, 154004.000000 
1675, 24, 57.000000 
1676, 6, 129095.000000 
1676, 30, 12333.000000 
1676, 32, 2.000000 
1676, 33, 24765.000000 
1676, 34, 2.000000 
1676, 36, 3.000000 
1676, 38, 2.000000 
1676, 40, 2.000000 
1676, 42, 3.000000 
1676, 44, 2.000000 
1676, 46, 2.000000 
1676, 48, 2.000000 
1676, 50, 3.000000 
1676, 52, 2.000000 
1676, 53, 35.000000 
1676, 55, 5.000000 
1676, 57, 6.000000 
1676, 59, 5.000000 
1676, 61, 6.000000 
1677, 29, 137343.000000 
1677, 31, 28921.000000 
1677, 33, 61.000000 
1678, 14, 79161.000000 
1678, 21, 29035.000000 
1678, 23, 3.000000 
1678, 25, 2.000000 
1678, 27, 2.000000 
1678, 29, 3.000000 
1678, 30, 58079.000000 
1678, 31, 2.000000 
1678, 33, 2.000000 
1678, 35, 3.000000 
1678, 37, 2.000000 
1678, 39, 2.000000 
1678, 41, 3.000000 
1678, 43, 2.000000 
1678, 45, 2.000000 
1678, 47, 3.000000 
1678, 49, 2.000000 
1678, 51, 13.000000 
1679, 38, 91644.000000 
1679, 40, 74667.000000 
1680, 11, 4031.000000 
1680, 12, 4160.000000 
1680, 14, 66667.000000 
1680, 21, 16656.000000 
1680, 30, 74796.000000 
1680, 32, 3.000000 
1680, 34, 2.000000 
1680, 36, 2.000000 
1680, 38, 2.000000 
1680, 40, 2.000000 
1680, 42, 2.000000 
1680, 44, 3.000000 
1680, 46, 2.000000 
1680, 48, 2.000000 
1680, 50, 2.000000 
1680, 52, 6.000000 
1681, 3, 62305.000000 
1681, 36, 75000.000000 
1681, 38, 29020.000000 
1681, 40, 3.000000 
1681, 42, 2.000000 
1681, 44, 5.000000 
1681, 64, 11.000000 
1682, 5, 99839.000000 
1682, 36, 66467.000000 
1682, 38, 2.000000 
1682, 40, 6.000000 
1682, 42, 5.000000 
1682, 44, 6.000000 
1682, 46, 6.000000 
1683, 11, 33041.000000 
1683, 15, 103968.000000 
1683, 41, 29249.000000 
1683, 43, 5.000000 
1683, 45, 6.000000 
1683, 47, 5.000000 
1683, 49, 6.000000 
1683, 51, 6.000000 
1683, 53, 11.000000 
1684, 24, 8166.000000 
1684, 26, 158212.000000 
1685, 14, 53930.000000 
1685, 29, 104128.000000 
1685, 32, 8204.000000 
1685, 34, 5.000000 
1685, 36, 6.000000 
1685, 38, 5.000000 
1685, 40, 6.000000 
1685, 42, 5.000000 
1685, 44, 6.000000 
1685, 46, 5.000000 
1685, 48, 6.000000 
1685, 50, 5.000000 
1686, 21, 16644.000000 
1686, 22, 108136.000000 
1686, 23, 37603.000000 
1686, 26, 3992.000000 
1687, 6, 116481.000000 
1687, 26, 108.000000 
1687, 28, 49748.000000 
1687, 30, 6.000000 
1687, 32, 5.000000 
1687, 34, 6.000000 
1688, 13, 112361.000000 
1688, 15, 2.000000 
1688, 17, 3.000000 
1688, 19, 2.000000 
1688, 21, 2.000000 
1688, 23, 2.000000 
1688, 25, 3.000000 
1688, 27, 2.000000 
1688, 29, 2.000000 
1688, 31, 2.000000 
1688, 33, 2.000000 
1688, 35, 53915.000000 
1688, 37, 2.000000 
1688, 39, 2.000000 
1688, 41, 2.000000 
1688, 43, 2.000000 
1688, 45, 2.000000 
1688, 47, 2.000000 
1688, 49, 2.000000 
1688, 51, 2.000000 
1688, 53, 2.000000 
1688, 55, 2.000000 
1688, 57, 2.000000 
1688, 59, 2.000000 
1688, 61, 2.000000 
1689, 17, 37224.000000 
1689, 36, 129044.000000 
1689, 38, 51.000000 
1689, 64, 10.000000 
1690, 11, 83323.000000 
1690, 31, 83032.000000 
1690, 33, 6.000000 
1691, 17, 16771.000000 
1691, 18, 99805.000000 
1691, 19, 35.000000 
1691, 36, 49736.000000 
1692, 26, 16436.000000 
1692, 27, 16784.000000 
1692, 28, 133053.000000 
1692, 29, 63.000000 
1692, 64, 11.000000 
1693, 6, 128962.000000 
1693, 30, 12257.000000 
1693, 33, 25070.000000 
1693, 35, 2.000000 
1693, 37, 5.000000 
1693, 39, 6.000000 
1693, 41, 5.000000 
1693, 43, 11.000000 
1693, 64, 6.000000 
1694, 19, 87307.000000 
1694, 26, 12448.000000 
1694, 28, 66527.000000 
1694, 30, 8.000000 
1694, 32, 2.000000 
1694, 34, 3.000000 
1694, 36, 2.000000 
1694, 38, 2.000000 
1694, 40, 2.000000 
1694, 42, 3.000000 
1694, 44, 2.000000 
1694, 46, 2.000000 
1694, 48, 3.000000 
1694, 50, 5.000000 
1694, 52, 6.000000 
1694, 54, 5.000000 
1694, 55, 17.000000 
1694, 57, 6.000000 
1694, 59, 5.000000 
1694, 60, 6.000000 
1695, 9, 8185.000000 
1695, 18, 116611.000000 
1695, 31, 41499.000000 
1695, 33, 2.000000 
1695, 35, 2.000000 
1695, 37, 2.000000 
1695, 39, 2.000000 
1695, 41, 5.000000 
1695, 43, 6.000000 
1695, 45, 5.000000 
1695, 47, 6.000000 
1695, 49, 5.000000 
1696, 3, 4050.000000 
1696, 34, 137412.000000 
1696, 36, 24858.000000 
1696, 64, 23.000000 
1697, 6, 133250.000000 
1697, 8, 6.000000 
1697, 36, 33108.000000 
1698, 26, 3911.000000 
1698, 29, 116422.000000 
1698, 36, 45875.000000 
1698, 38, 2.000000 
1698, 40, 2.000000 
1698, 42, 2.000000 
1698, 44, 3.000000 
1698, 46, 2.000000 
1698, 47, 42.000000 
1698, 49, 5.000000 
1698, 51, 6.000000 
1698, 53, 5.000000 
1698, 55, 6.000000 
1698, 57, 5.000000 
1698, 59, 6.000000 
1698, 64, 6.000000 
1699, 14, 37326.000000 
1699, 15, 108289.000000 
1699, 16, 3.000000 
1699, 18, 2.000000 
1699, 20, 2.000000 
1699, 22, 3.000000 
1699, 24, 2.000000 
1699, 26, 2.000000 
1699, 28, 3.000000 
1699, 30, 20601.000000 
1699, 32, 2.000000 
1699, 34, 3.000000 
1699, 36, 2.000000 
1699, 38, 2.000000 
1699, 40, 3.000000 
1699, 42, 2.000000 
1699, 44, 2.000000 
1699, 46, 3.000000 
1699, 48, 2.000000 
1699, 50, 2.000000 
1699, 52, 14.000000 
1699, 54, 5.000000 
1699, 56, 6.000000 
1699, 58, 5.000000 
1699, 60, 6.000000 
1699, 62, 5.000000 
1700, 21, 124576.000000 
1700, 23, 41784.000000 
1701, 20, 58185.000000 
1701, 22, 2.000000 
1701, 24, 2.000000 
1701, 26, 2.000000 
1701, 28, 2.000000 
1701, 30, 2.000000 
1701, 32, 2.000000 
1701, 34, 2.000000 
1701, 36, 1.000000 
1701, 37, 99966.000000 
1701, 38, 2.000000 
1701, 39, 8128.000000 
1701, 40, 2.000000 
1701, 42, 2.000000 
1701, 44, 2.000000 
1701, 46, 2.000000 
1701, 48, 2.000000 
1701, 50, 2.000000 
1701, 52, 2.000000 
1701, 54, 2.000000 
1701, 56, 2.000000 
1701, 58, 5.000000 
1701, 60, 6.000000 
1701, 62, 5.000000 
1702, 15, 12603.000000 
1702, 17, 133131.000000 
1702, 19, 5.000000 
1702, 35, 20600.000000 
1703, 11, 58138.000000 
1703, 13, 2.000000 
1703, 15, 2.000000 
1703, 17, 2.000000 
1703, 19, 3.000000 
1703, 21, 2.000000 
1703, 23, 2.000000 
1703, 25, 2.000000 
1703, 27, 108128.000000 
1703, 29, 2.000000 
1703, 31, 2.000000 
1703, 33, 2.000000 
1703, 35, 3.000000 
1703, 37, 2.000000 
1703, 39, 2.000000 
1703, 41, 3.000000 
1703, 43, 2.000000 
1703, 45, 2.000000 
1703, 47, 3.000000 
1703, 49, 2.000000 
1703, 51, 2.000000 
1703, 53, 3.000000 
1703, 55, 2.000000 
1703, 57, 2.000000 
1703, 59, 3.000000 
1703, 61, 2.000000 
1704, 10, 37329.000000 
1704, 33, 66667.000000 
1704, 37, 62302.000000 
1704, 39, 3.000000 
1704, 41, 2.000000 
1704, 43, 2.000000 
1704, 45, 3.000000 
1704, 46, 9.000000 
1704, 48, 5.000000 
1704, 50, 6.000000 
1704, 64, 22.000000 
1705, 13, 133256.000000 
1705, 26, 12321.000000 
1705, 27, 20800.000000 
1706, 25, 99848.000000 
1706, 27, 2.000000 
1706, 28, 66517.000000 
1706, 29, 2.000000 
1706, 31, 7.000000 
1707, 25, 99703.000000 
1707, 27, 8.000000 
1707, 28, 66667.000000 
1708, 2, 37556.000000 
1708, 3, 83210.000000 
1708, 4, 7.000000 
1708, 10, 8214.000000 
1708, 12, 2.000000 
1708, 14, 2.000000 
1708, 16, 2.000000 
1708, 18, 2.000000 
1708, 20, 2.000000 
1708, 22, 2.000000 
1708, 24, 3.000000 
1708, 26, 2.000000 
1708, 28, 2.000000 
1708, 29, 37255.000000 
1708, 30, 2.000000 
1708, 32, 2.000000 
1708, 34, 3.000000 
1708, 36, 2.000000 
1708, 38, 2.000000 
1708, 40, 3.000000 
1708, 42, 2.000000 
1708, 44, 2.000000 
1708, 46, 2.000000 
1708, 48, 3.000000 
1708, 50, 2.000000 
1708, 52, 2.000000 
1708, 54, 6.000000 
1708, 56, 6.000000 
1708, 58, 5.000000 
1708, 60, 6.000000 
1708, 62, 5.000000 
1709, 13, 141434.000000 
1709, 15, 144.000000 
1709, 28, 24767.000000 
1710, 9, 8425.000000 
1710, 11, 3.000000 
1710, 13, 2.000000 
1710, 15, 2.000000 
1710, 17, 2.000000 
1710, 18, 116438.000000 
1710, 19, 2.000000 
1710, 21, 3.000000 
1710, 23, 2.000000 
1710, 25, 2.000000 
1710, 27, 30.000000 
1710, 29, 5.000000 
1710, 31, 41415.000000 
1710, 33, 5.000000 
1710, 35, 6.000000 
1711, 19, 37295.000000 
1711, 29, 37308.000000 
1711, 31, 2.000000 
1711, 33, 91646.000000 
1711, 35, 3.000000 
1711, 37, 2.000000 
1711, 39, 2.000000 
1711, 41, 2.000000 
1711, 43, 2.000000 
1711, 45, 2.000000 
1711, 47, 2.000000 
1711, 49, 2.000000 
1711, 51, 2.000000 
1711, 53, 2.000000 
1711, 54, 6.000000 
1711, 56, 6.000000 
1711, 58, 5.000000 
1711, 59, 11.000000 
1711, 64, 32.000000 
1712, 22, 41367.000000 
1712, 24, 25069.000000 
1712, 26, 3.000000 
1712, 28, 2.000000 
1712, 30, 99783.000000 
1712, 32, 3.000000 
1712, 34, 2.000000 
1712, 36, 2.000000 
1712, 38, 3.000000 
1712, 40, 2.000000 
1712, 42, 2.000000 
1712, 44, 3.000000 
1712, 46, 2.000000 
1712, 48, 2.000000 
1712, 50, 2.000000 
1712, 52, 2.000000 
1712, 54, 3.000000 
1712, 56, 2.000000 
1712, 58, 2.000000 
1712, 59, 17.000000 
1712, 61, 5.000000 
1712, 64, 5.000000 
1713, 3, 4265.000000 
1713, 5, 2.000000 
1713, 7, 2.000000 
1713, 9, 2.000000 
1713, 11, 2.000000 
1713, 13, 3.000000 
1713, 15, 2.000000 
1713, 17, 2.000000 
1713, 19, 2.000000 
1713, 21, 2.000000 
1713, 23, 3.000000 
1713, 25, 2.000000 
1713, 27, 2.000000 
1713, 29, 2.000000 
1713, 31, 3.000000 
1713, 33, 2.000000 
1713, 34, 137203.000000 
1713, 35, 2.000000 
1713, 36, 24746.000000 
1713, 37, 3.000000 
1713, 39, 2.000000 
1713, 41, 2.000000 
1713, 43, 3.000000 
1713, 45, 2.000000 
1713, 47, 2.000000 
1713, 49, 3.000000 
1713, 51, 2.000000 
1713, 53, 6.000000 
1713, 55, 5.000000 
1713, 57, 6.000000 
1713, 59, 5.000000 
1713, 61, 6.000000 
1714, 8, 62337.000000 
1714, 10, 2.000000 
1714, 12, 2.000000 
1714, 14, 2.000000 
1714, 16, 2.000000 
1714, 18, 2.000000 
1714, 20, 2.000000 
1714, 22, 2.000000 
1714, 24, 2.000000 
1714, 26, 2.000000 
1714, 28, 2.000000 
1714, 30, 2.000000 
1714, 32, 3.000000 
1714, 34, 2.000000 
1714, 36, 91646.000000 
1714, 38, 12279.000000 
1714, 40, 2.000000 
1714, 42, 3.000000 
1714, 44, 2.000000 
1714, 46, 2.000000 
1714, 48, 2.000000 
1714, 50, 3.000000 
1714, 52, 2.000000 
1714, 54, 2.000000 
1714, 56, 3.000000 
1714, 58, 2.000000 
1714, 60, 5.000000 
1714, 62, 6.000000 
1715, 4, 37558.000000 
1715, 6, 2.000000 
1715, 8, 2.000000 
1715, 10, 3.000000 
1715, 12, 2.000000 
1715, 14, 2.000000 
1715, 16, 2.000000 
1715, 18, 3.000000 
1715, 20, 2.000000 
1715, 22, 2.000000 
1715, 24, 2.000000 
1715, 26, 3.000000 
1715, 28, 2.000000 
1715, 30, 2.000000 
1715, 32, 2.000000 
1715, 34, 2.000000 
1715, 36, 3.000000 
1715, 38, 74790.000000 
1715, 40, 2.000000 
1715, 41, 53887.000000 
1715, 42, 2.000000 
1715, 44, 2.000000 
1715, 46, 2.000000 
1715, 48, 2.000000 
1715, 50, 2.000000 
1715, 52, 2.000000 
1715, 54, 2.000000 
1715, 56, 2.000000 
1715, 58, 2.000000 
1715, 60, 2.000000 
1715, 62, 5.000000 
1716, 11, 83190.000000 
1716, 31, 83118.000000 
1716, 33, 2.000000 
1716, 35, 2.000000 
1716, 37, 2.000000 
1716, 39, 2.000000 
1716, 41, 3.000000 
1716, 43, 2.000000 
1716, 45, 2.000000 
1716, 47, 2.000000 
1716, 49, 2.000000 
1716, 51, 6.000000 
1716, 52, 5.000000 
1717, 24, 12276.000000 
1717, 33, 49905.000000 
1717, 35, 20970.000000 
1717, 36, 66483.000000 
1717, 37, 32.000000 
1717, 38, 16630.000000 
1717, 39, 35.000000 
1717, 41, 6.000000 
1718, 17, 45875.000000 
1718, 19, 2.000000 
1718, 21, 2.000000 
1718, 23, 2.000000 
1718, 25, 2.000000 
1718, 27, 2.000000 
1718, 29, 3.000000 
1718, 31, 2.000000 
1718, 33, 2.000000 
1718, 35, 2.000000 
1718, 37, 2.000000 
1718, 39, 108085.000000 
1718, 41, 12270.000000 
1718, 43, 2.000000 
1718, 45, 2.000000 
1718, 47, 3.000000 
1718, 49, 2.000000 
1718, 51, 2.000000 
1718, 53, 3.000000 
1718, 55, 2.000000 
1718, 57, 2.000000 
1718, 59, 3.000000 
1718, 61, 2.000000 
1719, 1, 41457.000000 
1719, 13, 120628.000000 
1719, 15, 4305.000000 
1720, 12, 33149.000000 
1720, 15, 62500.000000 
1720, 37, 45535.000000 
1720, 38, 25071.000000 
1720, 40, 2.000000 
1720, 42, 2.000000 
1720, 44, 2.000000 
1720, 45, 24.000000 
1720, 47, 6.000000 
1720, 49, 6.000000 
1720, 51, 5.000000 
1720, 53, 6.000000 
1721, 7, 83097.000000 
1721, 9, 2.000000 
1721, 11, 2.000000 
1721, 13, 3.000000 
1721, 15, 2.000000 
1721, 17, 2.000000 
1721, 19, 2.000000 
1721, 21, 2.000000 
1721, 23, 3.000000 
1721, 25, 2.000000 
1721, 27, 2.000000 
1721, 29, 83129.000000 
1721, 31, 2.000000 
1721, 33, 2.000000 
1721, 35, 2.000000 
1721, 37, 2.000000 
1721, 39, 2.000000 
1721, 41, 2.000000 
1721, 43, 2.000000 
1721, 45, 2.000000 
1721, 47, 2.000000 
1721, 49, 6.000000 
1721, 51, 5.000000 
1721, 53, 6.000000 
1721, 55, 5.000000 
1721, 57, 6.000000 
1721, 59, 5.000000 
1721, 61, 17.000000 
1722, 7, 70701.000000 
1722, 8, 54066.000000 
1722, 10, 29122.000000 
1722, 12, 2.000000 
1722, 14, 2.000000 
1722, 16, 2.000000 
1722, 18, 2.000000 
1722, 20, 2.000000 
1722, 22, 3.000000 
1722, 24, 2.000000 
1722, 26, 2.000000 
1722, 28, 2.000000 
1722, 30, 12417.000000 
1722, 32, 6.000000 
1722, 34, 8.000000 
1722, 36, 7.000000 
1722, 38, 8.000000 
1722, 40, 8.000000 
1722, 42, 7.000000 
1722, 44, 2.000000 
1722, 46, 2.000000 
1722, 48, 2.000000 
1722, 50, 2.000000 
1722, 52, 2.000000 
1722, 54, 2.000000 
1722, 56, 1.000000 
1722, 58, 2.000000 
1722, 60, 6.000000 
1722, 62, 5.000000 
1723, 26, 4021.000000 
1723, 28, 2.000000 
1723, 29, 116611.000000 
1723, 30, 2.000000 
1723, 32, 3.000000 
1723, 34, 2.000000 
1723, 36, 45569.000000 
1723, 38, 2.000000 
1723, 40, 2.000000 
1723, 42, 2.000000 
1723, 44, 2.000000 
1723, 46, 2.000000 
1723, 48, 2.000000 
1723, 50, 2.000000 
1723, 52, 2.000000 
1723, 54, 2.000000 
1723, 56, 2.000000 
1723, 57, 22.000000 
1723, 59, 6.000000 
1723, 61, 6.000000 
1724, 14, 70834.000000 
1724, 15, 82884.000000 
1724, 16, 12587.000000 
1724, 18, 2.000000 
1724, 20, 2.000000 
1724, 22, 2.000000 
1724, 24, 2.000000 
1724, 26, 2.000000 
1724, 28, 1.000000 
1724, 30, 2.000000 
1724, 32, 2.000000 
1724, 34, 2.000000 
1724, 36, 2.000000 
1724, 38, 2.000000 
1724, 40, 6.000000 
1724, 42, 6.000000 
1724, 44, 5.000000 
1724, 46, 6.000000 
1725, 2, 108289.000000 
1725, 4, 29028.000000 
1725, 6, 2.000000 
1725, 8, 2.000000 
1725, 10, 2.000000 
1725, 12, 2.000000 
1725, 14, 2.000000 
1725, 16, 3.000000 
1725, 18, 2.000000 
1725, 20, 2.000000 
1725, 22, 2.000000 
1725, 24, 3.000000 
1725, 26, 2.000000 
1725, 28, 2.000000 
1725, 30, 2.000000 
1725, 32, 3.000000 
1725, 33, 28918.000000 
1725, 34, 2.000000 
1725, 36, 2.000000 
1725, 38, 3.000000 
1725, 40, 2.000000 
1725, 42, 2.000000 
1725, 44, 3.000000 
1725, 46, 2.000000 
1725, 48, 2.000000 
1725, 50, 3.000000 
1725, 52, 5.000000 
1725, 54, 6.000000 
1725, 56, 5.000000 
1725, 58, 6.000000 
1725, 60, 5.000000 
1725, 62, 6.000000 
1726, 17, 45624.000000 
1726, 39, 108289.000000 
1726, 41, 12392.000000 
1726, 43, 6.000000 
1726, 45, 6.000000 
1726, 47, 5.000000 
1726, 64, 46.000000 
1727, 17, 16485.000000 
1727, 18, 99966.000000 
1727, 36, 49781.000000 
1727, 38, 3.000000 
1727, 40, 2.000000 
1727, 42, 2.000000 
1727, 44, 2.000000 
1727, 46, 3.000000 
1727, 47, 13.000000 
1727, 49, 5.000000 
1727, 51, 6.000000 
1727, 53, 5.000000 
1727, 55, 6.000000 
1727, 57, 11.000000 
1728, 14, 37209.000000 
1728, 15, 108147.000000 
1728, 30, 20909.000000 
1728, 32, 3.000000 
1728, 34, 2.000000 
1728, 36, 2.000000 
1728, 38, 2.000000 
1728, 40, 2.000000 
1728, 42, 3.000000 
1728, 44, 2.000000 
1728, 46, 2.000000 
1728, 48, 2.000000 
1728, 50, 2.000000 
1728, 52, 2.000000 
1728, 53, 4.000000 
1728, 55, 6.000000 
1728, 56, 5.000000 
1728, 64, 22.000000 
1729, 11, 120618.000000 
1729, 37, 16754.000000 
1729, 39, 28893.000000 
1729, 41, 5.000000 
1729, 43, 6.000000 
1729, 45, 5.000000 
1729, 47, 6.000000 
1729, 49, 5.000000 
1729, 51, 11.000000 
1730, 4, 12587.000000 
1730, 6, 2.000000 
1730, 8, 2.000000 
1730, 10, 2.000000 
1730, 12, 2.000000 
1730, 14, 2.000000 
1730, 16, 1.000000 
1730, 18, 2.000000 
1730, 20, 8210.000000 
1730, 22, 4.000000 
1730, 24, 5.000000 
1730, 26, 4.000000 
1730, 28, 4.000000 
1730, 29, 45571.000000 
1730, 30, 4.000000 
1730, 32, 4.000000 
1730, 34, 5.000000 
1730, 36, 4.000000 
1730, 38, 99783.000000 
1730, 40, 4.000000 
1730, 42, 5.000000 
1730, 44, 4.000000 
1730, 46, 4.000000 
1730, 48, 5.000000 
1730, 50, 4.000000 
1730, 52, 4.000000 
1730, 54, 4.000000 
1730, 56, 5.000000 
1730, 58, 5.000000 
1730, 60, 8.000000 
1730, 62, 7.000000 
1731, 1, 41554.000000 
1731, 3, 2.000000 
1731, 5, 2.000000 
1731, 7, 2.000000 
1731, 9, 2.000000 
1731, 11, 2.000000 
1731, 13, 120775.000000 
1731, 15, 4011.000000 
1731, 17, 3.000000 
1731, 19, 2.000000 
1731, 21, 8.000000 
1731, 23, 5.000000 
1731, 25, 6.000000 
1731, 27, 5.000000 
1731, 29, 6.000000 
1732, 11, 33180.000000 
1732, 13, 3.000000 
1732, 15, 104130.000000 
1732, 17, 2.000000 
1732, 19, 2.000000 
1732, 21, 3.000000 
1732, 23, 2.000000 
1732, 25, 2.000000 
1732, 27, 3.000000 
1732, 29, 2.000000 
1732, 31, 2.000000 
1732, 33, 3.000000 
1732, 35, 2.000000 
1732, 37, 2.000000 
1732, 39, 3.000000 
1732, 41, 28919.000000 
1732, 43, 2.000000 
1732, 45, 3.000000 
1732, 47, 2.000000 
1732, 49, 2.000000 
1732, 51, 3.000000 
1732, 53, 2.000000 
1732, 55, 2.000000 
1732, 57, 2.000000 
1732, 59, 3.000000 
1732, 61, 2.000000 
1733, 6, 133131.000000 
1733, 36, 33188.000000 
1733, 44, 6.000000 
1733, 46, 5.000000 
1733, 47, 12.000000 
1734, 11, 116468.000000 
1734, 18, 8089.000000 
1734, 38, 41727.000000 
1734, 40, 6.000000 
1734, 42, 5.000000 
1734, 44, 6.000000 
1734, 46, 6.000000 
1734, 48, 5.000000 
1734, 64, 26.000000 
1735, 16, 137246.000000 
1735, 21, 28999.000000 
1735, 23, 2.000000 
1735, 25, 2.000000 
1735, 27, 2.000000 
1735, 29, 2.000000 
1735, 31, 2.000000 
1735, 33, 2.000000 
1735, 35, 5.000000 
1735, 37, 6.000000 
1735, 39, 5.000000 
1735, 41, 6.000000 
1735, 43, 5.000000 
1735, 45, 6.000000 
1735, 47, 22.000000 
1736, 17, 104128.000000 
1736, 28, 54055.000000 
1736, 30, 8137.000000 
1736, 32, 30.000000 
1737, 7, 62330.000000 
1737, 9, 3.000000 
1737, 11, 2.000000 
1737, 13, 2.000000 
1737, 15, 2.000000 
1737, 17, 3.000000 
1737, 18, 103982.000000 
1737, 19, 2.000000 
1737, 21, 2.000000 
1737, 23, 3.000000 
1737, 25, 2.000000 
1737, 27, 2.000000 
1737, 29, 2.000000 
1737, 31, 3.000000 
1737, 33, 2.000000 
1737, 35, 2.000000 
1737, 37, 2.000000 
1737, 39, 2.000000 
1737, 41, 8.000000 
1738, 4, 37332.000000 
1738, 38, 75000.000000 
1738, 41, 53988.000000 
1738, 43, 6.000000 
1738, 45, 5.000000 
1738, 64, 16.000000 
1739, 5, 99966.000000 
1739, 36, 66379.000000 
1739, 38, 5.000000 
1740, 6, 120773.000000 
1740, 20, 20656.000000 
1740, 22, 24955.000000 
1741, 15, 162383.000000 
1741, 22, 3979.000000 
1742, 8, 145608.000000 
1742, 9, 131.000000 
1742, 37, 20581.000000 
1743, 18, 158074.000000 
1743, 40, 8196.000000 
1743, 42, 2.000000 
1743, 43, 27.000000 
1743, 45, 6.000000 
1743, 47, 5.000000 
1743, 49, 6.000000 
1744, 18, 29231.000000 
1744, 19, 16420.000000 
1744, 20, 2.000000 
1744, 22, 2.000000 
1744, 24, 2.000000 
1744, 26, 2.000000 
1744, 28, 3.000000 
1744, 30, 2.000000 
1744, 32, 2.000000 
1744, 34, 2.000000 
1744, 35, 120574.000000 
1744, 36, 2.000000 
1744, 38, 2.000000 
1744, 40, 2.000000 
1744, 42, 2.000000 
1744, 44, 2.000000 
1744, 46, 2.000000 
1744, 48, 2.000000 
1744, 50, 2.000000 
1744, 52, 2.000000 
1744, 54, 2.000000 
1744, 56, 2.000000 
1744, 58, 2.000000 
1744, 60, 1.000000 
1744, 62, 2.000000 
1745, 19, 91479.000000 
1745, 35, 74810.000000 
1745, 37, 6.000000 
1745, 39, 5.000000 
1745, 41, 6.000000 
1745, 43, 6.000000 
1745, 45, 5.000000 
1745, 47, 6.000000 
1746, 4, 58183.000000 
1746, 6, 2.000000 
1746, 8, 2.000000 
1746, 10, 2.000000 
1746, 12, 2.000000 
1746, 14, 95808.000000 
1746, 16, 2.000000 
1746, 18, 2.000000 
1746, 20, 2.000000 
1746, 22, 2.000000 
1746, 24, 2.000000 
1746, 26, 2.000000 
1746, 28, 2.000000 
1746, 30, 2.000000 
1746, 32, 2.000000 
1746, 34, 2.000000 
1746, 36, 2.000000 
1746, 38, 2.000000 
1746, 40, 12299.000000 
1746, 42, 2.000000 
1746, 44, 1.000000 
1746, 46, 2.000000 
1746, 48, 2.000000 
1746, 50, 2.000000 
1746, 52, 2.000000 
1746, 54, 2.000000 
1746, 56, 2.000000 
1746, 58, 2.000000 
1746, 60, 2.000000 
1746, 62, 2.000000 
1747, 4, 83323.000000 
1747, 6, 58135.000000 
1747, 34, 24836.000000 
1747, 36, 2.000000 
1747, 38, 3.000000 
1747, 40, 2.000000 
1747, 42, 2.000000 
1747, 44, 2.000000 
1747, 46, 6.000000 
1748, 16, 149895.000000 
1748, 18, 16483.000000 
1749, 17, 153891.000000 
1749, 34, 12333.000000 
1749, 36, 2.000000 
1749, 38, 2.000000 
1749, 40, 3.000000 
1749, 42, 2.000000 
1749, 44, 2.000000 
1749, 46, 3.000000 
1749, 48, 2.000000 
1749, 49, 2.000000 
1749, 50, 22.000000 
1749, 52, 6.000000 
1749, 54, 5.000000 
1749, 56, 6.000000 
1749, 57, 11.000000 
1750, 15, 87483.000000 
1750, 28, 16592.000000 
1750, 30, 62261.000000 
1750, 32, 6.000000 
1751, 32, 149844.000000 
1751, 34, 16490.000000 
1751, 36, 5.000000 
1752, 24, 12352.000000 
1752, 26, 2.000000 
1752, 28, 2.000000 
1752, 30, 2.000000 
1752, 32, 3.000000 
1752, 33, 49944.000000 
1752, 34, 2.000000 
1752, 35, 20607.000000 
1752, 36, 66669.000000 
1752, 38, 16648.000000 
1752, 40, 2.000000 
1752, 42, 2.000000 
1752, 44, 2.000000 
1752, 46, 3.000000 
1752, 48, 2.000000 
1752, 50, 2.000000 
1752, 52, 3.000000 
1752, 54, 2.000000 
1752, 56, 2.000000 
1752, 58, 3.000000 
1752, 59, 29.000000 
1752, 61, 6.000000 
1753, 22, 41487.000000 
1753, 24, 24792.000000 
1753, 26, 2.000000 
1753, 28, 3.000000 
1753, 30, 99968.000000 
1753, 32, 2.000000 
1753, 34, 2.000000 
1753, 36, 2.000000 
1753, 38, 2.000000 
1753, 40, 3.000000 
1753, 42, 2.000000 
1753, 44, 2.000000 
1753, 46, 2.000000 
1753, 48, 2.000000 
1753, 50, 2.000000 
1753, 52, 2.000000 
1753, 54, 2.000000 
1753, 56, 13.000000 
1753, 58, 6.000000 
1753, 60, 5.000000 
1753, 62, 6.000000 
1753, 64, 5.000000 
1754, 24, 8473.000000 
1754, 26, 157891.000000 
1754, 28, 6.000000 
1755, 11, 4287.000000 
1755, 12, 4130.000000 
1755, 13, 8.000000 
1755, 14, 66546.000000 
1755, 16, 2.000000 
1755, 18, 2.000000 
1755, 20, 3.000000 
1755, 21, 16566.000000 
1755, 22, 2.000000 
1755, 23, 3.000000 
1755, 24, 2.000000 
1755, 25, 2.000000 
1755, 26, 3.000000 
1755, 27, 2.000000 
1755, 28, 2.000000 
1755, 29, 3.000000 
1755, 30, 74686.000000 
1755, 31, 2.000000 
1755, 32, 27.000000 
1755, 33, 2.000000 
1755, 34, 2.000000 
1755, 35, 3.000000 
1755, 36, 8.000000 
1755, 37, 2.000000 
1755, 38, 5.000000 
1755, 39, 2.000000 
1755, 40, 6.000000 
1755, 41, 2.000000 
1755, 42, 5.000000 
1755, 43, 2.000000 
1755, 44, 6.000000 
1755, 45, 3.000000 
1755, 46, 5.000000 
1755, 47, 2.000000 
1755, 48, 6.000000 
1755, 49, 2.000000 
1755, 50, 5.000000 
1755, 52, 6.000000 
1756, 4, 66483.000000 
1756, 6, 3.000000 
1756, 8, 2.000000 
1756, 10, 2.000000 
1756, 12, 2.000000 
1756, 14, 3.000000 
1756, 16, 2.000000 
1756, 18, 2.000000 
1756, 20, 3.000000 
1756, 22, 87485.000000 
1756, 23, 12302.000000 
1756, 24, 2.000000 
1756, 26, 3.000000 
1756, 28, 2.000000 
1756, 30, 2.000000 
1756, 32, 3.000000 
1756, 34, 7.000000 
1756, 36, 6.000000 
1756, 38, 6.000000 
1756, 40, 5.000000 
1756, 42, 6.000000 
1756, 44, 5.000000 
1756, 46, 6.000000 
1756, 48, 5.000000 
1757, 11, 83179.000000 
1757, 20, 58033.000000 
1757, 35, 25082.000000 
1757, 37, 6.000000 
1757, 39, 5.000000 
1757, 41, 6.000000 
1757, 43, 5.000000 
1757, 45, 6.000000 
1757, 64, 28.000000 
1758, 38, 53880.000000 
1758, 39, 41605.000000 
1758, 40, 70834.000000 
1759, 15, 112450.000000 
1759, 28, 3996.000000 
1759, 30, 49922.000000 
1760, 19, 87483.000000 
1760, 26, 12297.000000 
1760, 28, 66578.000000 
1761, 18, 12330.000000 
1761, 27, 4018.000000 
1761, 29, 2.000000 
1761, 31, 2.000000 
1761, 33, 2.000000 
1761, 35, 2.000000 
1761, 36, 149900.000000 
1761, 37, 3.000000 
1761, 39, 2.000000 
1761, 41, 2.000000 
1761, 43, 2.000000 
1761, 45, 2.000000 
1761, 47, 2.000000 
1761, 49, 2.000000 
1761, 51, 2.000000 
1761, 53, 2.000000 
1761, 55, 2.000000 
1761, 56, 5.000000 
1761, 57, 17.000000 
1761, 64, 32.000000 
1762, 10, 129095.000000 
1762, 36, 16594.000000 
1762, 38, 20596.000000 
1762, 40, 41.000000 
1763, 7, 112450.000000 
1763, 24, 4015.000000 
1763, 26, 2.000000 
1763, 28, 3.000000 
1763, 30, 2.000000 
1763, 32, 2.000000 
1763, 33, 49744.000000 
1763, 34, 3.000000 
1763, 36, 2.000000 
1763, 38, 2.000000 
1763, 40, 3.000000 
1763, 42, 2.000000 
1763, 44, 2.000000 
1763, 46, 2.000000 
1763, 48, 3.000000 
1763, 50, 2.000000 
1763, 52, 2.000000 
1763, 54, 3.000000 
1763, 56, 2.000000 
1763, 58, 2.000000 
1763, 59, 25.000000 
1763, 61, 6.000000 
1764, 32, 29231.000000 
1764, 33, 12256.000000 
1764, 34, 2.000000 
1764, 36, 2.000000 
1764, 38, 124750.000000 
1764, 40, 2.000000 
1764, 42, 2.000000 
1764, 44, 2.000000 
1764, 46, 2.000000 
1764, 48, 2.000000 
1764, 50, 2.000000 
1764, 51, 64.000000 
1765, 17, 154015.000000 
1765, 19, 46.000000 
1765, 34, 12292.000000 
1766, 20, 74826.000000 
1766, 22, 33392.000000 
1766, 24, 2.000000 
1766, 26, 2.000000 
1766, 28, 2.000000 
1766, 30, 3.000000 
1766, 32, 2.000000 
1766, 34, 2.000000 
1766, 35, 58021.000000 
1766, 36, 2.000000 
1766, 38, 3.000000 
1766, 40, 2.000000 
1766, 42, 2.000000 
1766, 44, 2.000000 
1766, 46, 3.000000 
1766, 48, 5.000000 
1766, 50, 6.000000 
1766, 52, 5.000000 
1766, 54, 6.000000 
1766, 56, 6.000000 
1766, 58, 5.000000 
1766, 60, 11.000000 
1767, 38, 54261.000000 
1767, 39, 41382.000000 
1767, 40, 70620.000000 
1767, 42, 52.000000 
1768, 17, 103956.000000 
1768, 28, 53841.000000 
1768, 30, 8426.000000 
1768, 32, 2.000000 
1768, 34, 2.000000 
1768, 36, 2.000000 
1768, 38, 3.000000 
1768, 40, 2.000000 
1768, 42, 2.000000 
1768, 44, 3.000000 
1768, 46, 2.000000 
1768, 48, 5.000000 
1768, 50, 6.000000 
1768, 52, 6.000000 
1768, 53, 16.000000 
1768, 55, 6.000000 
1768, 57, 5.000000 
1768, 58, 6.000000 
1769, 20, 58047.000000 
1769, 37, 99770.000000 
1769, 39, 8519.000000 
1770, 6, 8125.000000 
1770, 28, 158223.000000 
1771, 29, 137001.000000 
1771, 31, 29330.000000 
1772, 13, 112091.000000 
1772, 35, 54195.000000 
1772, 37, 3.000000 
1772, 39, 2.000000 
1772, 41, 2.000000 
1772, 43, 2.000000 
1772, 45, 3.000000 
1772, 47, 2.000000 
1772, 48, 12.000000 
1772, 50, 5.000000 
1772, 52, 6.000000 
1772, 64, 15.000000 
1773, 4, 12362.000000 
1773, 20, 8110.000000 
1773, 29, 45876.000000 
1773, 31, 19.000000 
1773, 38, 99966.000000 
1774, 12, 49814.000000 
1774, 14, 3.000000 
1774, 16, 112452.000000 
1774, 18, 2.000000 
1774, 20, 3.000000 
1774, 22, 2.000000 
1774, 24, 2.000000 
1774, 26, 3.000000 
1774, 28, 3991.000000 
1774, 30, 2.000000 
1774, 32, 3.000000 
1774, 34, 2.000000 
1774, 36, 2.000000 
1774, 38, 2.000000 
1774, 40, 3.000000 
1774, 42, 2.000000 
1774, 44, 2.000000 
1774, 46, 2.000000 
1774, 48, 3.000000 
1774, 50, 2.000000 
1774, 52, 2.000000 
1774, 54, 2.000000 
1774, 56, 2.000000 
1774, 58, 2.000000 
1774, 60, 2.000000 
1774, 62, 2.000000 
1775, 15, 12322.000000 
1775, 17, 133256.000000 
1775, 35, 20667.000000 
1775, 37, 2.000000 
1775, 39, 2.000000 
1775, 41, 2.000000 
1775, 43, 2.000000 
1775, 45, 3.000000 
1775, 47, 2.000000 
1775, 48, 24.000000 
1775, 50, 6.000000 
1775, 52, 5.000000 
1775, 54, 6.000000 
1775, 56, 5.000000 
1776, 16, 149738.000000 
1776, 18, 16637.000000 
1777, 13, 133109.000000 
1777, 18, 3913.000000 
1777, 38, 29230.000000 
1777, 40, 3.000000 
1777, 42, 2.000000 
1777, 44, 2.000000 
1777, 45, 10.000000 
1777, 47, 5.000000 
1777, 49, 6.000000 
1777, 51, 5.000000 
1777, 53, 11.000000 
1778, 15, 120620.000000 
1778, 25, 45659.000000 
1778, 27, 2.000000 
1778, 29, 2.000000 
1778, 31, 2.000000 
1778, 33, 2.000000 
1778, 35, 2.000000 
1778, 37, 1.000000 
1778, 39, 2.000000 
1778, 41, 2.000000 
1778, 43, 2.000000 
1778, 45, 6.000000 
1778, 47, 5.000000 
1778, 49, 6.000000 
1778, 51, 5.000000 
1778, 53, 6.000000 
1778, 55, 5.000000 
1779, 7, 62266.000000 
1779, 18, 104126.000000 
1779, 20, 2.000000 
1780, 17, 95806.000000 
1780, 25, 8148.000000 
1780, 37, 62277.000000 
1780, 39, 3.000000 
1780, 41, 2.000000 
1780, 43, 2.000000 
1780, 45, 2.000000 
1780, 46, 35.000000 
1780, 48, 6.000000 
1780, 50, 5.000000 
1780, 52, 6.000000 
1780, 54, 5.000000 
1780, 56, 6.000000 
1781, 13, 133256.000000 
1781, 18, 4086.000000 
1781, 20, 2.000000 
1781, 22, 2.000000 
1781, 24, 2.000000 
1781, 26, 2.000000 
1781, 28, 2.000000 
1781, 30, 2.000000 
1781, 32, 2.000000 
1781, 34, 2.000000 
1781, 36, 2.000000 
1781, 38, 28935.000000 
1781, 40, 2.000000 
1781, 42, 2.000000 
1781, 44, 2.000000 
1781, 46, 2.000000 
1781, 48, 2.000000 
1781, 50, 2.000000 
1781, 52, 2.000000 
1781, 54, 2.000000 
1781, 56, 2.000000 
1781, 58, 2.000000 
1781, 60, 5.000000 
1781, 62, 6.000000 
1782, 38, 41433.000000 
1782, 40, 124923.000000 
1783, 12, 33402.000000 
1783, 14, 2.000000 
1783, 15, 62350.000000 
1783, 16, 47.000000 
1783, 18, 5.000000 
1783, 37, 45726.000000 
1783, 38, 24757.000000 
1783, 39, 41.000000 
